,praise_comment
0,"精美绝伦的水下世界，宏伟瑰丽的海底奇观，堪称“海底《阿凡达》，水下潘多拉”。
亚特兰蒂斯的史诗级战争气势磅礴，媲美《星球大战》和《指环王》。
动作戏登峰造极，拳拳到肉，让人再次感受《钢铁之躯》的震撼。
飞船追逐更是眼花缭乱，引人入胜，仿佛把《速度与激情》搬到了海底。
寻找三叉戟的探险之旅同样其乐无穷，妙趣横生，又是《夺宝奇兵》的再现。
影片核心又回归到对家庭的探索和对自我的肯定，承载着成长和母爱，自信和亲情。
最后一个镜头让人热泪盈眶，正如托马斯终于等到与妻子重逢，我们也终于等到DC近几年最优秀的电影。
温子仁如卡梅隆和彼得·杰克逊附体，拍了一部动作、冒险、奇幻、超英等元素的集大成者。
它是《黑暗骑士》之后最好的超级英雄电影之一，从此影史将记住《海王》的名字。"
1,海底世界戏份多到超出想象，这是一部主打海洋英雄的片应有的样子，一本满足。撒哈拉沙漠、西西里岛、海沟族追逐戏、地心藏海…奔波全球海洋奇观，上天入地，美不胜收。温子仁手下的DC，不再暗黑，情节跌宕又完整，正如他的恐怖片一样吸人，吸入深海底。亚特兰蒂斯与亚瑟的历史传说，完美融入超级英雄剧情，陆地之子抑或海洋之王，海王不止粗汉也有柔情，三叉戟秒变金箍棒，这不就是《西游记之大闹龙宫》？红发女主的造型很美，特别是水母服。“海洋的世界里没有眼泪” 几十年的灯塔守护直接戳泪，爱一个人不就是这样的无私与痴情？2018最佳娱乐大赏，《狮子王》版《海底总动员》，《黑暗骑士》后最好的DC院线片。
2,马王没能统一的七国终于在变身海王后统一七海了。
3,咸水族的那个帝王蟹，好像很好吃的样子！
4,也别问DC粉儿了，就问你们刚从影院出来的，咱海王硬不硬？！咱海王猛不猛？！温子仁还拍下一集要不要？！！
5,大型海底捞现场，建议带一双筷子去看，毕竟海王他们都备了叉子。超爱的任达华和徐锦江演两父子，港片一代江湖。基德曼又美又帅，为了视觉平衡，抱谁都拍半身为妙，身为仙女级吃货，143分钟只吃一条金鱼。大多角色都有村炮亮相瞬间，长发角色能多甩两回。好些场景很棒，每一个鸡皮疙瘩都是物证。不知为什么海盗可以给自己做盔甲，但他分不清蝠鲼跟苍蝇。湄拉最后一句台词，非常欢乐今宵。不归迪士尼管，却给匹诺曹打了不少广告。看片前要做好放水蓄洪两手准备，不然他们进海出海时那种马桶抽水声会让你灵魂震颤。请欣赏权力的游戏＋海底总动员＋小美人鱼＋哪吒闹海＋星际迷航＋星球大战＋加勒比海盗＋斯巴达克斯＋妈妈咪呀＋罗拉快跑＋猜火车＋哥斯拉＋阿凡达＋侏罗纪世界＋驯龙高手+新白娘子传奇……可以的话就去看IMAX吧。
6,弟弟太惨了，妈不爱，爹没了，老婆跟人跑了，王位被抢了，信任的人早就跟别人跑了，我要是他我也要毁灭世界了😂
7,又翻身，dc的票房一直很好，好不好，自杀小队一亿多投资没国内市场近8亿刀票房，神奇女侠都是北美年度票房第二了，bvs也狂收近9亿刀票房，还要翻身。而且那是dc第一阶段，去看看当年惨烈的漫威第一阶段，就是今天，蚁人 奇异博士之流也就6亿左右票房，怎么没人喊仆街。所以别等了，有色眼镜一带加个双重标准，杠精找茬模式狂开，dc永远仆街，当然还要此地无银的说什么我是dc粉，对dc要求低之类巴拉巴拉，家仇国恨的，说实话真不像dc粉，倒是像漫威股东，何苦呢，到最后影响的是自己观影感受，可惜了好电影
8,"我收回妇联3的五颗星，文艺片才不分高下，商业片只争第一，今年第一，海王。瓦坎达野人方阵在海马禁军和克总触手、闸蟹狂战士面前没有一丁点排面，没有！泰坦星战士用虫海丧尸战术和铁人三项杀敌？多发展几万年全转基因紫薯去了？你打嘛呢弟弟？打不来架就不要打。啥叫格局，海王振臂一呼，
诸天鱼虾蟹卒，听我号令，天不生我阿Q曼，DC万古如长夜，封狼烟，点海马禁军千骑，撒孜然百缕，随我先斩MCU后军贼首，得胜归来，共饮索尔神血，赏汝千杯！杀杀杀！DC干死漫威，亚特兰蒂斯万岁万岁万万岁！"
9,女王：维科，这是我大儿子，剩下的话不用我多说了吧，以后该怎么办，你自己招子放亮一点，好处不会少了你的。维科：晓得了。
10,海王刀枪不入，谁给他做的纹身？
11,温导这是比着指环王在拍啊，这特效叹为观止
12,7分。温子仁确实很厉害，原以为这该是系列中最无趣的一部，尤其各种水下戏份。结果，却难得拍的很好看。影片节奏感和大场面掌控上，确实很见功力。以及，温子仁还融入了很多他自己的趣味，也算很有趣的细节了。整体可看性还不错，就是略长了，海底的光怪陆离，看久了也会有些视觉疲劳。
13,满足了年少时自己对海洋的所有幻想。杰森·莫玛凭一己之力掀起了长发狂野糙汉的审美新潮流，隔壁雷神克里斯·海姆斯沃斯大型溜粉现场？
14,找一个亮堂点的IMAX厅，绝对爽炸
15,语文不好，牛逼就完事了！阿凡达之后最牛逼的视觉大片！没有之一！
16,美轮美奂的2个多少时，海底的几个镜头简直美到爆炸！感谢豆瓣观影团！
17,放心去看。幼稚园爱情，深海驱魔式窒息，比素鸡更成熟的大场面运镜，远超MCU的动作指导，反派人格塑造，这是完全的的温子仁风格。别出心裁混合了Cyber效果，配合电音，有的段落特别、特别Tron！还有雨夜决战扎导式慢镜+45度仰角cape porn，是温导写给PW的情书。七国设定炫目而让人信服，必买设定集。它不完美，海王性格必然和原作有差，但是瑕不掩瑜，也为超英片带来了新的元素。如果正联完全是扎导的正联，那么我现在可以感叹What a ride了。你们知道吗，最妙的是，你甚至可以从中看出MOS😭
18,也没多好，也就比雷神好了一百个黑豹吧
19,轻轻松松、啪啪砰砰，这样的超级英雄电影不挺好？温子仁真DC良心大管家——从头到尾堆特效，经费才烧1.6亿！欣赏不来海王徐锦江，51岁的妮可真的美炸了~~~~~
20,故事老套了一点 但是昨晚我的主要任务是努力让自己不要在影院里发大水…Jason太尼玛适合这个角色了，就算他能轻而易举的把我操坏我也心甘情愿地承受这份痛苦
21,"1、全程舔腿。海王、湄拉、妮可的腿加起来有十米长吧…温子仁还老是仰拍…腿控福利不解释。2、意大利大战黑蝠鲼，屋顶跑酷帅到炸裂。湄拉出彩，动作戏干净利落，脸又美。有个进攻瞬间让我想到另一位红发女超英。3、到达海沟族那场戏，绝了！！不愧是温子仁，这什么神仙cult脑洞！！！镜头一拉开，情不自禁卧槽出声，年度十佳场景预定。愿意为这场戏二刷。4、野心大，场面大，每一帧都是钱。（虽然鲨鱼坐骑和沧龙总让我想起西游记…）5、世界观塑造很完整，人物个性也出来了。因为交待背景的关系，前面文戏稍有点长，但是进入海底世界后就一路高潮到尾，总体又猛又爽。6、DC粉感谢温子仁吧。起码是这两年最有创造力的超级英雄大片了。"
22,我宣布！2018就是骨科文艺复兴之年！！！
23,C＋/ 前半段还以为不过是插科打诨强行炫视效卖动作复古美术的海洋版《黑豹》，后半段则把后者的瑕疵都打了个包扬弃。当主角从国族、血统、力量与对立翻转到人类、混杂、沟通与融合，影片的历史臆想语境完全变成了现实，进步与落后、技术与自然的对立也走向汪洋大海的联合。在这个不断崩溃甚至滑落到倒退边缘的世界，居然还是要靠好莱坞宣告虚幻的平等，这恐怕才是处于文化交界处的真正的Crazy Asian温子仁之力量所在。
24,天空属于卢卡斯 陆地属于杰克逊 海洋属于温子仁！！！
25,东有沉香劈山救母，西有海娃寻叉救母。绿色秋裤哲学变身，刺身放题海底大战。同母异父兄弟相残，弟妹大伯不伦之恋。温子仁携手徐锦江，亚裔之光拯救好莱坞！
26,特效和场景都非常不错，但是剧情和主角都非常不真实，唯一的真实人类就是那个收到新衣服以后改颜色镶铆钉的生命力很旺盛的青蛙反派。
27,3.5；失落的亚特兰蒂斯之国，古远传说提供与一般超英片迥异的丰富背景，DC另辟蹊径，开启美妙神秘的水下世界，星站兵密集，温子仁不负众望且适时塞私货，海沟一战jump  scare其乐无穷。视效惊人，音效震人，抛却鸡汤亲情，大场面调度甚是过瘾。妮可基德曼真·女神，形象太契合。
28,DC这明显是拼了啊，完全放开手脚让温子仁施展才华，电影俨然是在一部超级英雄的起源片基础之上，拍摄成了海底版《星球大战》，剧情杂糅了科幻、动作、冒险、奇幻史诗甚至是克苏鲁恐怖元素，想象力和娱乐性几乎已经做到了极致，尤其是温子仁在动作场面上的调度实在令人惊叹。这固然不能说是最好的DC超级英雄片，却一定是近两年最酷炫的超级英雄电影，温子仁确实给DC立了一大功！！！
29,最后的海鲜大战把我看馋了……
30,"温子仁牛B！（破音）
「海王」不应该被拿来和其他超级英雄电影比较，这会让别的影片看起来格局小的可怜。
在「海王」面前，「正义联盟」就如同过家家，「黑豹」则像是地主家的傻儿子争财产。
看完「海王」，我脑中出现的比较项是「加勒比海盗」、「魔戒」、「阿凡达」，是那些真正在银幕上构建了一个全新世界的影片。
「海王」的前半段对海底世界的华丽梦幻展现，治好了我多年的深海恐惧，令我恨不得走出影院就搞一艘鹦鹉螺号去海底两万里。
然而海沟族攻船一段又让我立马放弃了这个念头，詹姆斯温拿出自己拍恐怖片的看家本事，让一部pg-13特效大片瞬间cult了起来。单是这短短几分钟，就足够成为我二刷的理由。
「海王」视觉效果的惊艳，是想象力、调度能力、动作设计和节奏感整体作用的结果，绝非一句“特效好”就能概括。"
31,把他留住@华纳
32,"不愧是拿走了
弥林女王，安达尔人、洛伊拿人和先民的女王，大草原的卡丽熙，解放者，七大王国的统治者，多斯拉克草海的主人，阿斯塔波的统治者，打碎镣铐之人，龙之母，不焚者，风暴降生丹妮莉丝
一血的男人！"
33,7分。一部黄金圣斗士找到圣衣打败白银圣斗士的故事……兄弟决斗这种梗刚在[黑豹]里看过，不过[海王]确实很像水下的[阿凡达]，动作设计不错，应该是从游戏得益不少，视效也不错，水下那种衣袂飘飘的感觉特别好，不过唯独从水里上岸之后的镜头丑爆了，妮可基德曼也扛不住……生态主题其实可以再挖深一些。男主人设太糙汉，简单粗暴了。黑蝠鲼那条线……添头都不算吧。很好奇往下怎么编。
34,温子仁说他要休息！你不许休息！你给我接着拍！
35,剧情在我这种土鳖眼中，那就是沉香他娘小龙女枯居海心二十载等待孙猴子来提取定海神针……啊，海王这人的性格完全不讨喜，临阵脱逃近乎懦夫，反而是一干配角不论忠奸都勇敢执着，更让我喜欢。但是动作场面是真好看，他娘和他媳妇砍杂兵的两个长镜头，兄弟海中对决的360度自由运动，都非常扎克施耐德，金隼奖备选。海底世界的美术惊艳。最后的克苏鲁复活直接穿越怪兽电影，绝对惊喜。
36,杀马特温拍了部武侠片质感的超级英雄…三叉戟换成金箍棒，海王变成孙猴子，这就是西游记第一部大闹龙宫啊。
37,前半段是高质量的好莱坞爆米花，不过是动作和特效的刺激，开始怀疑刷口碑。结果海沟国之后全程开挂！那画风、那色彩和运镜，碾压十个扎克·施耐德！角色和感情真正的带入，风格完全不是DC，类似但也不是漫威，那是温子仁，温神牛逼！
38,渔夫和灯塔守护多数是鳏夫，私下里经常养一些人鱼交欢。海洋远比陆地深远得多，人们赞美阳光下的海洋，却不知深夜降临海面上会冒出可怕的妖怪，海底也会藏着嘲笑人类的高级文明。所以！温子仁同样是一个借大热系列ip来讲自己故事的导演！！
39,这片要是坐在寝室的电脑前看，观感必然大打折扣。当置身于IMAX厅，外加座椅有震感效果，此等视觉奇观是无与伦比的美丽，回忆起当年看到《阿凡达》的震撼与感动，一度想哭，这曾是我喜欢走进影院观影的初衷。除此之外，温子仁对于节奏的把控和镜头的调度真是高手，哪怕剧情马虎，却依旧让人看得过瘾。
40,知道为什么这是近几年最好看的DC真人片吗？因为它真的很漫威！好想看海王和雷神比蠢～詹姆斯温的视听真是没话说，这么多炫酷的运动长镜头，爽的一批，都让人给忘了这片子把《黑豹》的故事又说了遍。
41,奥姆对陆地人开战师出有名，有站得住脚的立场和道理，并非为满足个人征服欲和权力欲望，即使有私欲，不是纯粹为反抗陆地人，那私欲也是为让“亚特兰蒂斯再度复兴”。亚瑟作为对王位有继承权的野种，奥姆非但没斩草除根，即便亚瑟当面来反对和阻碍他了，他依然想给半兄长一条生路，劝说他置身事外，比起许多东西方王室内斗故事里的龌龊狠毒，他可谓光明磊落了。无论是国王挑战还是最后海面决战，他都很实诚地凭自身真实实力在打，没有搞阴谋偷袭之类卑鄙伎俩，反而是亚瑟凭借黄金三叉戟才能击败他，而一旦落败，他也便立刻承认了失败，并没有试图用不堪手段翻盘。他出战总是亲临战场身先士卒，是战斗型国王，武力值在海里是一等一的。他的臣属并没有对他不忠。比起超英片里大多数简单粗暴中二病反派，或莫名其妙为反而反的反派，奥姆是有层次并且合理的。
42,实力心疼一波帅弟弟，爸没得早，妈妈不想，舅舅不疼，女友还劈腿，一心致力于环保，辛苦20年结果沦为阶下囚。至今不能相信海王居然靠嘴炮说跑了史前大怪兽，以及最后打败弟弟的绝招竟然是齐天大圣定海神针同款用法（耍棍棍）。良心推荐，画面实在是太美了，带着信号弹驱散海怪坠入深渊一幕太梦幻了。不过话说回来，人类倾倒的石油和垃圾怎么处理请海王陛下下集好好讲一下。
43,今年最瑰丽的视觉奇观、最燃的群战、最浪漫的吻、最孤独的海怪都在这里了。
44,跟小动物讲话，带领小动物们打败坏蛋这不是辛德瑞拉的技能吗！为什么出现在一个壮汉身上啊！大型小公主，可爱可爱。
45,多个一星，给最后的孙悟空。讲的是找龙王借定海神针，率领虾兵蟹将斗败六耳猕猴的故事。讲的也是青铜圣斗士角斗失败后找到黄金圣衣，战胜白银圣斗士的故事。影片的动作场面大大优于舞美，海底世界大概齐有西游记的影子，至于服装造型就更有些露怯。漫威DC的最大贡献在于把罗马半神人的形象具化了，贡献了男有美队雷神黑豹海王女有神奇女侠黑寡妇海后一系列长腿波霸。
46,阿凡达夺宝奇兵魔戒黑豹邦德侏罗纪环太徐老怪，烫金蛤蟆皮神秘暗示，招魂精灵男反骨自嘲，亚裔王温子仁自我毁灭，第一部当最后一部做，进化为不具名影坛海怪，苍蝇头坎爷可以活十集。
47,好好看哦，爽死了，怎么拍得这么二次元，海底世界那几个国家做得像迪士尼动画一样超绝绚丽又各有特色，整个故事也像迪士尼一样温馨，女主角甚至有一头小美人鱼爱丽儿般的绝美红色长发，最后那场海底战争更是做得爆炸好看，不过挨打的都是鲨鱼鳄鱼海马和雪蟹，好可怜，请狗逼海底人不要打鲨鲨好么！海底人也太不爱护动物了！我要再去看一遍，视觉狗的飨宴！香！
48,海底版《阿凡达》+《星球大战》，出现了目前为止最符合超英电影主题的一句台词：国王为自己的国家而战，而英雄为所有人而战。
49,海王如何拯救了亚特兰蒂斯没让他们攻上陆地碰到超人的故事
50,温子仁救了DC，他创造了真正的英雄史诗，这也是影史上最为壮观和浪漫的海底奇观！如果现在的超英风向标是把英雄变成了普通人，那《海王》反其道行之把普通人变成神话。DC毫无疑问的绝地反击之作，偶有小瑕疵，不足挂齿！
51,看完2转头回来给1打个四星
52,Talking to fish 这个梗玩的妙啊，整体也是有板有眼的精彩；所以说DC要是早点找温子仁、詹金斯这些个按部就班堆桥段、攒特效的导演按基本形成的超英类型片框架去构筑电影宇宙而不是使出钦点某某某做总指挥还用另一个某某某演蝙蝠侠这种自毁型大招的话，现在或许已经可以看到漫威的后脑勺了。
53,年度最爽翻超英电影，看特效已值回去水族馆的票钱！温导成功帮助故作深沉却屡屡失败的DC抢回观众缘，竟然打造了一个如此豪华的阵仗，如果不是在海底可以开发旅游线路了！迥异其他一些单篇超英电影潦草糊弄只为完成连接叙事，温导是希望两个半小时都热血欢腾，大主角海王没有外援也会失败，登基还有公主一半功劳呢！几组回忆杀拍得深情又有水平，脱离深海的寻戟之旅瞬间切换到谍战冒险片模式。希尔德美艳似黑寡妇，基德曼演起这类角色也越来越能打动人，威廉.达福莫不是奇异博士那边的法师兄长？
54,跟幻想中的亚特兰蒂斯不太一样，感觉跟西游记里的龙王宇宙能连上……
55,奔波儿灞和灞波儿奔打起来了！最终奔波儿灞凭借一口与海鲜无障碍交流的好外语，拿到了金箍棒。【啥
56,想象中的沙和尚，大概就应该是这个样子了……
57,西西里岛和海沟国（这里真的是恐怖片的拍法了）两场戏最喜欢
58,不好意思，从Aquadog出现开始已经丧失理性
59,波澜壮阔的海底世界形成了《海王》极具视觉冲击力的惊艳奇景，而接踵而至的鏖战，更是使电影从始至终维系了以出色的节奏掌控，面对一个原本甚是老套的英雄故事，温子仁的执导在尽显其个人风格的同时，更在DC电影一贯的暗黑色彩中焕发了新的生机。
60,这种规模的超英片剧情不会有太大问题，当然也不会给你很大发挥空间，兄弟夺王位的故事讲了好几百年，最近的跟黑豹也差不太多。但温子仁确实牛逼，在这部中国比美国上映还早的大片里为亚裔导演争了气，这得益于他在各种类型片里磨练出的一流商业嗅觉，和对视效、节奏的绝佳把握。行云流水的打斗、运镜、转场、闪回，原生态又高科技的亚特兰蒂斯，西游记即视感的七大王国虾兵蟹将，气势磅礴的海底战争，逼格恰到好处的耍酷pose、眼神、定格，再加上西西里的迷人风光，一点点浪漫爱情调剂...融为一部大众喜闻乐见的年底超级爽片。而温子仁才41岁，未来会有更多好莱坞头部项目交到他手里，勿捧杀，且期待。
61,海底打架这么美味的吗……我怎么看到了火爆大鱿鱼
62,请问六岁小孩儿看完以后天天拿个两叉戟（晾衣杆儿）在家狂转怎么破？
63,很长一段时间我能认同的非人类超英只有Chris Hemsthworth的雷神 现在这个名单可以加上Jason Momoa的海王了 温子仁的配乐还是一如既往的烂 但是造气氛还是一如既往的流毙 五星娱乐向。
64,看完特别饿，想吃海鲜锅。
65,《海王》：《超人：钢铁之躯》以来的DC电影宇宙里最喜欢的一部！虽然剧情中规中矩，但多达26％画面内容的IMAX特效场面却超乎预期的给力，像是《海底总动员》+《悬崖上的金鱼姬》+《阿凡达》+《侏罗纪世界》+《加勒比海盗》+《星球大战》+《驯龙高手》+《哥斯拉》+《魔兽》+《指环王》的结合版，不够新鲜但足够震撼！观影时还联想到《西游记》，维科像是菩提祖师（造型有道长的影子），海王去海沟族领地寻找金三叉戟则像孙悟空去东海“借”定海神针，海王最后耍三叉戟则有悟空耍金箍棒的感觉。
66,一刷广州UA花城汇暗IMAX迟到错过似乎十分精彩的30分钟，我哭，犹豫三秒还是进去看了毕竟还有五分四啊，希望东莞华南摩尔万达IMAX二刷完美，湄拉的胸好美啊目不能移，妮可妈身材保持得真好，妈妈再爱我一次，温导的认真不堆彻，连密恐细看之下都经得起看竟然不密恐了，被温导治好了密恐，大概没人能把水行侠拍得更好了，还友情预推了下陀螺儿童不宜版匹诺曹？哈哈，继续坐等沼泽怪物。20181209@东莞华南摩尔万达激光IMAX终极完美二刷，hail克总hail dc.
67,简直神片，星球大战+阿凡达+冰与火之歌+海底两万里+哥斯拉+夺宝奇兵+谍影重重+西游记+圣斗士+魔兽世界…………爽点太满了
68,好看的！一定要看IMAX！视觉轰炸强过《复联3》，怪不得漫威最近这么密集发新片预告。温子仁其实最适合给迪斯尼拍真人电影，《海王》就是一个标准的童话故事。扎克·施耐德给温子仁当了执行制片人，可以的。十二月最佳先给《蜘蛛侠：平行宇宙》留个位置。[愉快]
69,为DC的未来担忧。温子仁这种逼飞奶炸的拍法真是好摩登好无情好六亲不认，爽则爽矣，但后续DC系列换谁来接棒都无悬念炮灰。相比之下漫威真的心机很重，每次就给你来一盘小前菜口味吊着，好几年才上道主菜，水平还参差不齐，很会饥饿营销那一套。说回《海王》，其一，很明显特效做到极致必须用长镜头来承载，而长镜最好的呈现方式只能是VR，在目前的技术阶段，冲击感已到天花板，浸入感仍远不及格，一旦技术升级，温子仁封神指日可待；其二，比起为爱痴狂的神奇女侠，《海王》真正创造出两个钻石一般闪耀的女性角色，心怀天下深明大义，以一种看淡一切的态度和实战到底的精神一举反抗男权父权皇权三座大山，使这个原本中庸剧本的质感得到大幅提升。
70,明明是海鲜之王，自己游泳比较快还非要骑个海洋生物
71,"“妈，你也支持我哥吗？”
“你们都是我的孩子，我一样爱你们…”
“好的，妈，再见。”"
72,放轻松，超英这个标签可以暂时拿掉，匹配海王的应该是【奇观】【史诗】这样的词汇。这次的温子仁的功课做得非常足，从詹姆斯卡梅隆多年前的《深渊》、及其破纪录深潜科研的素材都作为教科书来取经。人类栖息海底后多种族的分杈进化、地心藏海的古早科幻致敬，还有巨兽本身都让人震撼抖擞。彷佛提前窥见到了海底潘多拉的一面。and扎导给海王定下不同于漫画的摇滚人设，在温导的调教下可以说更加可爱了。今天之后，在断壁残垣的DCEU里，海王再绝不是边缘角色。
73,"零点首映场@UME 7分+ 温子仁的DC宇宙宏大而不乏机趣的小段子，娱乐性大概是今年大片之最。试听方面因看了个前SIFF厅改的假Max折扣不少，场面节奏铺得过满易乏后力。蠢萌男主相当状况外，反英雄主旨港台译名水行侠更为贴切。俩女主养眼，匹诺曹牌燃气灶周母雷雨梗情侣去死团金银大王海底大决斗等交互烂梗令我快落。友提值得高亮IMAX/杜比厅。两个联想：1/曼森歌词云Travel the world and seven seas, everybody is looking for something... 当沙雕游记不错看，西西里尤佳。2/世界右转反乌托邦，失落帝国重建的政治相当看似正确又反戈自黑。"
74,视效惊喜。
75,咸水王国国王的蟹钳被砍下来的那一刻，我饿了。
76,大概是因为一年没看电影了，觉得这部超好看，极大满足了视觉体验，而且觉得在这样一个简单的情节下，还能把东方与西方、古典与现代、武打与枪战、恐怖与幽默、打斗与解谜糅合的这么好。音乐很棒，揭秘虽然少但因为没想到还有所以也颇收意外之喜。最满意的观影感受则是和同样一年没有看过电影的内子的轻声对话：这是龙虾，这是鳕鱼，这是螃蟹，这是皮皮虾，这是鱿鱼……
77,其实这个故事我觉得挺武侠的，但是加上温大神的私货，妈呀，化学效果太玩味了。#我DC扬眉吐气一把了
78,温子仁牛逼，这部商业片拍得的确很成功，开场后每一秒都是高潮。海王的起源故事更加完整，亚特兰蒂斯王国视效引人入胜。湄拉的选角真的太美了……最后，DC这个故事值得五星。
79,我不懂为什么口碑这么好诶。当然特级很炸了，但是故事真是让人毫无感觉嗷。没有一个人有性格，没有人做事有说得过去的原因…
80,就是那种下班后可以和朋友们一起约去看的无脑放松特效大片啦，特效确实是最顶级的，很多恢弘的场面会让你忍不住发出“原来特技已经到了这种程度的”惊叹！但然后呢？剧情太乏味了，到最后也没有任何反转，温子仁的节奏控制和场面调度确实无话可说，海沟那段把拍恐怖片的看家本领全拿出来了，但在人性的深度挖掘上就很匮乏了，什么比肩《黑暗骑士》和《指环王》真的是非常呵呵。
81,"1.温子仁的才华和审美都是顶尖。破船战海沟族，依稀可见电锯招魂恐怖片的气氛。海底探险，穿插少年成长戏，优秀的夺宝超英片。节奏紧凑，对于爆米花电影的掌控力也是炉火纯青。杰森·莫玛和艾梅柏·希尔德身材一个比一个火辣，打斗场面和盔甲造型也不错，造型神似圣斗士。画面五彩斑斓，视觉效果很赞。

2.水平高于正义联盟、蝙战超等片，可以与复联系列掰手腕。但没有达到星球大战和魔戒的水平，用此来尬吹的太过头了。

3.以及把海王拿来和诺兰蝙蝠侠三部曲来比的，麻烦去医院治治眼睛，根本就不是同一个风格的。硬说成海底阿凡达的也够了，很爱温子仁，但请不要捧杀他。"
82,特莉丝梅丽葛德大战钢铁兄弟会！
83,好看。特效精彩，想象力丰富。还有男主角太MAN了，好性感！女主角超美的！一路看下来觉得视效很爽，剧情也不错，温子仁水平挺不错。
84,Salav nos Star of the sea                                                      看了一场上天入海的侏罗纪、阿凡达、异形、指环王、海底二万里大戏。海花乱坠～终于从海王这里get到了肌肉之驱的美感193小公主名不虚传～ps威尔森已经是温导的御用男演员了吗？好想问妮可驻颜术是怎么练的，颜值仿佛回到《小岛惊魂》时期简直太抗打。女主海底装很像是穿了紧身衣的小美人鱼。哦！btw最后的彩蛋我只想问为什么黑人兄弟你的命那么硬？期待温子仁来拍第二部
85,嚯！圣斗士要这么拍多好啊～跟看海皇篇似的～白银果然还是干不过黄金啊！DC这次表现还不错～
86,宏大如英雄史诗，七大王国和权斗让亚特兰提斯和背后的世界观变得气势恢宏；好笑浪漫如生活片，主角作为outcast第一次适应新身份有着很古怪可爱的反差萌。前段的背景铺陈不冗长，中段用爱情亲情调剂，最后再大气收尾，编排得不让人无聊。此外Nicole和Amber组成了超英片里女性角色最高挑亮丽的“风景线”。特效中的“飞水风中转”和“万兽齐游”很壮观，算是一个不错的开局。
87,流畅的运镜、瑰丽的奇观和张弛的节奏足以值回票价，更让我兴奋的是温子仁集商业类型元素大成——从「哈姆雷特」的王子复仇到「古墓丽影」的惊险探秘，从「印斯茅斯的阴影」的克苏鲁恐怖到「罗马假日」的唯美爱情——打造出一部难以定义的新超级英雄电影。然而最让我惊喜的还不止于此而是，温子仁在一个西方希腊神话故事的外衣下暗藏了一个东方功夫宗师传奇，东西方的文化元素在温子仁手里玩味得如火纯青，这一点比朱浩伟的全亚裔「摘金奇缘」更加值得赞许。当然以上三点是在牺牲了人物形象塑造与主题表达统一的基础上实现的，这也是《海王》最大的遗憾，因此《海王》可能算不上神片，但绝对是DCEU的救市之作。
88,我站小王子！一个缺爱的中二少年。音乐厉害，虽然一段一段连不太起来（西西里房顶上忽然就超级玛丽feel了），但胡来得很带劲。
89,这么平庸乏味的剧本，换给一个平庸的导演，估计只能拍出一部无聊透顶的电影。温子仁是真的厉害，尽量把这么套路的一个剧本，每一场单独的戏都拍出了自己的趣味，转场的节奏也恰到好处，但统一起来依然是个不好看的剧本。我觉得DC的最大问题是，一直没把电影当电影，故事结构的问题都很大，如果不是温子仁用导演技巧赢撑着，中间段落的矛盾张力就已经不够了，真的看不下去。所以导演这个活儿啊，果然重点不是故事，而是怎么讲故事，温子仁是个善于讲故事的导演。
90,温子仁，二代山姆·雷米正式达成！
91,黑蝠鲼刺杀小队滥轰意大利小镇刀刀见血，各色近身肉搏痛感十足，好评；但主角强大过头，即便密集恐惧海沟妖怪啥的也毫无紧迫感，再加上冗肿无聊的文戏剧情搭配温导的口水歌品味，有点尬；彩蛋预示了续集的名字：《海王2：主体思想的复仇》
92,视觉的确美爆了。同时也中二极了（in a good way）。小美人鱼喜欢拿了金箍棒的孙悟空，可以理解。但是为什么Patrick Wilson还这么年轻好看？我站王弟这边呢，他的纲领只要去掉吞并海底诸王国这条，就是对的。最爱深海沟里群怪围着一团红光那个画面。
93,8.5分，海王这种硬朗粗犷的风格好喜欢，能感觉到是一部精心打造的电影，摄影很棒，海底国度和人物动物造型都有浓浓的复古科幻风，非常喜欢，而且很衬那种“long live the King”的气场，原声贴合主题，没有一味强调气势，柔和中有力量。DC宇宙中，海王有点二，小闪是真萌，大超老爷相爱相杀，神奇女侠颜值担当，钢骨……额。
94,越来越感觉到，流行文化中的绝大部分，本质只是对经典与伟大作品的模仿和荟萃。不是说它们不好，而是如果我们浅尝辄止，停留于此，只会成为流行文化的奴仆。
95,Make Atlantis Great Again！
96,特效太惊艳了吧，海底大战这个气势恢弘完全不像投资1.3亿啊，各种恐怖电影梗真让人开心，湄拉的脸海王的脸奥姆的发际线真让人想舔，西西里岛配乐的电子游戏感真可爱！情节剧嘛不就是看个爽，还要啥人物弧光又不是拍艺术电影，过不过分嘛！
97,如果说前面还抱着去judge的态度，到海沟那部分就完全被视音效征服了，简直是商业之下的克苏鲁极致
98,面对马王我还能说啥，身材美丽的大牲口哟！！！嗯，而且他由于骑了海马，从马王升级为海马王了……女主很漂亮，就是她的礼服裙，脖领子那一串老醋蛰头让我有点出戏~
99,吹爆温子仁！文戏尴尬但是武戏太slay了完全不够看，还非常私心地加了几场jump scare。DC真人电影终于有翻身的一天了我爆哭
100,本来想打四星的，特效无敌了，很牛逼，但是剧情太老套，扣了一分，但是妮可基德曼的颜值又拉回来了，好吧，就五星了，推荐。
101,真是完完全全在给现有的电影工业做总结了，每一个环节的建构都是如此的传统
102,吹爆小温！作为一枚顶级恐怖片导演小温的审美实在太优异了！！！视听水准甚至超过watchmen成为我心中的NO.1！很中二，很西游记，奇妙的没有一个我特别喜欢的演员但每个角色都很讨喜。什么时候正儿八经的西游记能到人家这种工业水准啊…（哀怨的看着老怪…（最后！克总万岁！！！！！
103,超出预期的好看！摄影好棒！温子仁拍的意大利和沙漠等好几个地方都美轮美奂 尤其是多场海戏 对于我一个热爱大海的人来说简直视觉盛宴！虽是英雄式电影但剧情其实也不低幼 寻找三叉戟带上了和平以及母爱是个好思路 而且诚意满满的143分钟里打斗戏拳拳到肉也是非常过瘾的！湄拉的红头发很美！今次真的要吹爆温子仁！！！
104,看完最大感受是P1S 正联 雕像即将大热卖、、
105,4.5 节奏非常快！有DC的史诗情怀又不失幽默。就是海王和媚拉的爱情戏太尴尬了，突然两人就牵手了，突然就接吻了，我一脸懵逼。还有就是打斗戏加化妆和哲学都非常东方。所有女性角色都磨皮美颜过吧。
106,漫威电影宇宙像英雄聚义，一个个先单打独斗，最后为共同信念合为一股。DC电影宇宙似乎反过来，登台大合唱，再轮番solo。想了想，原来这是偶像套路啊，那我们只管打call就好啦。DC还有个风格，就是每个人的故事都恨不得讲许多，情节非常饱和，尤其考验导演。还好海洋里无分上下左右，温导的旋转镜头和画面切换游刃有余，让童话与恐怖片、粗暴与优雅并存。印象深刻的画面很多，亚瑟与湄拉潜入海沟国的场面分明是多雷的《神曲》，冲上海岸小镇的巡逻艇让人想到《幽灵船最后一次航行》，灯塔就想到显克微支《灯塔看守人》，地心藏海则是《地心游记》。人类眼中的海与亚特兰蒂斯人的海都游历遍了。另外，梗也不少：先是克总，接着海皇祭坛和七海帝国仿佛圣斗士，Kraken竟然是八尾，沙漠桥段又像蝎子王之类冒险剧。好了温导，不要去拍鬼片了，继续这系列可好？
107,四颗星分别给：克苏鲁元素（第一幕从房间内到灯塔上的转场镜头特意给了H.P.洛夫克拉夫特的名字一个特写）、古罗马元素（象征荣耀的华美雕塑变成沉没海底的断壁残垣）、性感的渔夫亚瑟王与美丽的亚特兰蒂斯女王。
108,"7.9
超英的崛起都大同小异，就看特效能否合乎心意，近身肉搏屋顶跑酷好似素鸡动作戏，海沟下潜展现恐怖才华功力，一路寻宝风景瑰丽，角色众多还数妮可最为美丽，别吹什么海底版魔界指环王星球大战这就是属于温子仁的西游记。"
109,温子仁！温子仁！温子仁！还有妮可基德曼！然后没有了！
110,故事虽然从开始到彩蛋都蛮俗套的，但去电影院看大片就是看巨幕特效啊，反正第一次进入亚特兰蒂斯王国和海王举着三叉戟出来的时候，我都惊叹的“哇”了一声就够了，全程爆燃，同时满足了男性观众和女性观众的荷尔蒙刺激和激情幻想，把近五年的大片高潮全部糅合在一起，导演就是这么牛，想去二刷
111,是很好看的呀，很high且有趣。海王真是性感得犯罪。但真的太长了啊，就好吃的吃多了也腻。
112,超炫的海底世界，给人十足的视觉享受，而且剧情也超级好看，再加上赏心悦目的颜，不错，真是不错！
113,dc放弃了剧情，全靠特技。海底阿凡达版夺宝奇兵。这个故事告诉我们，出身不行不要紧，关键是会一门别人不会的外语，出国回来镀个金，就贼牛逼了
114,海底的亚特兰蒂斯世界，就是星战＋阿凡达＋指环王完美融合的世界！show off！Aquaman fucks me!最后一幕太show off！
115,一定要去看iMax，一定要去看iMax，一定要去看iMax，特效吹爆！！！！！明天去二刷！！！！
116,超级大爽片。离《阿凡达》《指环王》这样的经典只差一口气。说到底，还是情节太赶了。作为观影人而言，十分满足，只是少些回味。
117,漫改我还是喜欢这种主线清晰，人物成长路径明确的。海王的个性算是鲜明，当然更鲜明的是他的肌肉。女主作为brainy去搭配，人物的互动和剧情的推动节奏快不尴尬。海底世界做得很漂亮。水底打斗的镜头看得出费了不少脑筋。追击戏也带感。爆米花电影看得挺爽快。
118,神奇瑰丽的水下世界太玄幻了吧，特技我们越看越有欠缺，狠狠地学习；演员好好看，关键演技还好，收尾来看值了！
119,『海王』的故事告诉我们：多会一种语言有多么重要~
